{"graph_0": {"_type": "graph-file", "path": "media/graph/graph_0_summary_54e41f3f.graph.json", "sha256": "54e41f3fb8b3141d2bdb516c5cf37a8d0759ef59459f47be2eb0d3d2117cbe90", "size": 6276}, "train_loss": 4.202173709869385, "train_accuracy": 7.361333847045898, "train_5_accuracy": 24.068090438842773, "val_loss": 3.8916678428649902, "val_accuracy": 13.33069896697998, "val_5_accuracy": 35.99684143066406, "lr": 0.0001, "_runtime": 73, "_timestamp": 1622146423, "_step": 0}